"NAME_2","FLOOD_PRONE"
"Asunafo North",6167
"Asunafo South",21326
"Asutifi North",16144
"Asutifi South",7117
"Tano North",6398
"Tano South",2064
"Adansi Akrofuom",21743
"Adansi Asokwa",1861
"Adansi North",4171
"Adansi South",35174
"Afigya-Kwabre North",542
"Afigya-Kwabre South",6918
"Ahafo-Ano North",3742
"Ahafo-Ano South East",2481
"Ahafo-Ano South West",669
"Amansie Central",36388
"Amansie South",43367
"Amansie West",14389
"Asante-Akim Central",5372
"Asante-Akim North",24652
"Asante-Akim South",5122
"Asokore-Mampong",2812
"Asokwa",3133
"Atwima-Kwanwoma",13538
"Atwima-Mponua",51943
"Atwima-Nwabiagya North",3835
"Atwima-Nwabiagya South",11453
"Bekwai",11570
"Bosome Freho",4232
"Bosomtwe",14759
"Ejisu",11367
"Ejura-Sekyedumase",4135
"Juaben",834
"Kumasi",2536
"Kwabre East",6963
"Kwadaso",7527
"Mampong",3338
"Obuasi",11737
"Obuasi East",2308
"Offinso",2947
"Offinso North",1669
"Oforikrom",4893
"Old Tafo",3425
"Sekyere Afram Plains North",35685
"Sekyere Central",2831
"Sekyere East",3719
"Sekyere Kumawu",2923
"Sekyere South",2858
"Suame",3163
"Banda",62816
"Berekum East",3717
"Berekum West",1427
"Dormaa",9877
"Dormaa East",6159
"Dormaa West",2337
"Jaman North",3581
"Jaman South",3154
"Sunyani",8462
"Sunyani West",5565
"Tain",2630
"Wenchi",7997
"Atebubu-Amantin",28637
"Kintampo North",176162
"Kintampo South",7864
"Nkoranza North",1819
"Nkoranza South",3563
"Pru East",161653
"Pru West",3335
"Sene East",283029
"Sene West",156305
"Techiman",6896
"Techiman North",2747
"Abura-Asebu-Kwamankese",23756
"Agona East",21001
"Agona West",10055
"Ajumako-Enyan-Essiam",52936
"Asikuma-Odoben-Brakwa",18749
"Assin Central",2071
"Assin North",41969
"Assin South",6356
"Awutu Senya East",12337
"Awutu Senya West",14666
"Cape Coast",13901
"Effutu",9365
"Ekumfi",30282
"Gomoa Central",13805
"Gomoa East",59371
"Gomoa West",28778
"Komenda-Edina-Eguafo-Abirem-",52060
"Mfantseman",23111
"Twifo-Atti-Morkwa",56175
"Twifo-Hemang-Lower Denkyira",27409
"Upper Denkyira East",16499
"Upper Denkyira West",30749
"Abuakwa North",3069
"Abuakwa South",2720
"Achiase",969
"Akwapem North",2259
"Akwapem South",1875
"Akyemansa",9093
"Asene-Manso-Akroso",8221
"Asuogyaman",60989
"Atiwa East",2262
"Atiwa West",5962
"Ayensuano",2467
"Birim Central",7271
"Birim North",3976
"Birim South",17885
"Denkyembour",15982
"Fanteakwa North",15949
"Fanteakwa South",1868
"Kwaebibirem",4057
"Kwahu Afram Plains North",193893
"Kwahu Afram Plains South",128567
"Kwahu East",12019
"Kwahu South",23510
"Kwahu West",3994
"Lower Manya-Krobo",14936
"New Juaben North",1597
"New Juaben South",3454
"Nsawam Adoagyiri",12647
"Okere",1263
"Suhum",2697
"Upper Manya",28960
"Upper West Akim",1985
"West Akim",3611
"Yilo-Krobo",13229
"Ablekuma Central",1663
"Ablekuma North",3464
"Ablekuma West",1515
"Accra",657
"Ada East",30016
"Ada West",35014
"Adenta",9166
"Ashaiman",2177
"Ayawaso Central",183
"Ayawaso East",725
"Ayawaso North",581
"Ayawaso West",3797
"Ga Central",5759
"Ga East",8733
"Ga North",9583
"Ga South",16274
"Ga West",16812
"Korle-Klottey",1163
"Kpone-Katamanso",26522
"Krowor",2156
"La-Dade-Kotopon",4233
"La-Nkwantanang-Madina",7465
"Ledzokuku",3442
"Ningo-Prampram",54792
"Okaikwei North",2588
"Shai Osudoku",109850
"Tema",5009
"Tema West",5303
"Weija Gbawe",19093
"Bunkpurugu Nakpanduri",39057
"Chereponi",78484
"East Mamprusi",96521
"Mamprugu Moagduri",146769
"West Mamprusi",186231
"Yunyoo-Nasuan",15786
"Gushegu",35777
"Karaga",109938
"Kpandai",70868
"Kumbungu",112803
"Mion",112163
"Nanton",28979
"Nanumba North",125365
"Nanumba South",120070
"Saboba",102465
"Sagnerigu",23017
"Savelugu",125182
"Tamale",56491
"Tatale Sanguli",37803
"Tolon",97247
"Yendi",88408
"Zabzugu",65286
"Biakoye",64274
"Jasikan",1485
"Kadjebi",17631
"Krachi East",241740
"Krachi Nchumuru",81080
"Krachi West",93746
"Nkwanta North",83706
"Nkwanta South",98970
"Bole",163752
"Central Gonja",323512
"East Gonja",109661
"North East Gonja",363741
"North Gonja",96264
"Sawla-Tuna-Kalba",119408
"West Gonja",88484
"Bawku",28387
"Bawku West",118522
"Binduri",46314
"Bolga East",8557
"Bolgatanga",36350
"Bongo",46195
"Builsa North",68512
"Builsa South",97146
"Garu",67552
"Kasena Nankana East",85343
"Kasena Nankana West",92441
"Nabdam",27048
"Pusiga",29414
"Talensi",79478
"Tempane",44478
"Daffiama-Bussie-Issa",67292
"Jirapa",114808
"Lambussie-Karni",59443
"Lawra",59102
"Nadowli-Kaleo",68847
"Nandom",45854
"Sissala East",201510
"Sissala West",59970
"Wa East",205551
"Wa Municipal",46490
"Wa West",104860
"Adaklu",49081
"Afadzato South",18632
"Agotime Ziope",23269
"Akatsi North",25603
"Akatsi South",63041
"Anloga",27251
"Central Tongu",77497
"Ho Municipal",5264
"Ho West",28932
"Hohoe",7439
"Keta Municipal",35004
"Ketu North",37814
"Ketu South",29731
"Kpando",17800
"North Dayi",37405
"North Tongu",131253
"South Dayi",20444
"South Tongu",75631
"Ahanta West",63631
"Effia Kwesimintsim",12287
"Ellembelle",94353
"Jomoro",158906
"Mpohor",53190
"Nzema East",116273
"Prestea-Huni Valley",137629
"Sekondi Takoradi",9976
"Shama",22547
"Tarkwa Nsuaem",90424
"Wassa Amenfi Central",42136
"Wassa Amenfi East",43630
"Wassa Amenfi West",87645
"Wassa East",120422
"Aowin",125173
"Bia East",995
"Bia West",1938
"Bibiani-Anhwiaso-Bekwai-",10628
"Bodi",4542
"Juaboso",5860
"Sefwi-Akontombra",8442
"Sefwi-Wiawso",13643
"Suaman",5582
